string2 0,string 1
"digimon_1000_profile","Lopmon is the Rookie Digivolution of one sibling in a pair
of extremely rare twin Digimon. Of the two, Terriermon has
one horn growing from its head, while Lopmon has three.
Their ecosystem is steeped in mystery, and while their
composition is enough to deem them Beast Digimon, nothing
else is known about them. Terriermon has a laid-back
personality, albeit with a lot of energy, while Lopmon has
the opposite disposition, being more of a lonely crybaby.
Neither seem like Digimon of the Combat Species, but they do
show unexpected power in battle. Lopmon's special move
Blazing Ice fires a blast of icy bullets."
