int 0,empty 1,int 2,int 3,int 4,int 5,int 6,int 7
1,"",213,385,5,88,226,744
2,"",178,16,981,631,393,873
3,"",376,113,917,574,9,188
4,"",232,416,837,364,90,92
5,"",130,227,770,621,11,310
6,"",577,563,172,209,491,669
9,"",102,913,775,921,916,753
10,"",139,374,388,614,610,603
11,"",998,138,863,412,227,755
12,"",749,367,709,12,41,767
13,"",25,710,773,676,95,38
14,"",623,737,148,884,578,995
15,"",617,87,145,193,869,752
16,"",600,988,733,226,129,453
17,"",606,102,466,115,748,804
19,"",419,594,235,149,975,365
20,"",885,317,676,814,613,240
21,"",72,38,60,510,78,1
23,"",458,914,310,162,777,629
24,"",31,139,577,930,229,631
25,"",756,801,219,670,61,211
26,"",431,927,232,896,751,25
27,"",83,11,75,985,679,440
28,"",374,466,391,137,394,456
30,"",757,173,752,92,775,367
31,"",373,775,198,199,27,724
32,"",361,44,426,179,732,514
33,"",208,70,756,802,466,720
34,"",992,455,754,884,196,133
35,"",954,235,417,894,181,804
36,"",173,844,306,222,972,627
37,"",407,961,812,58,163,76
38,"",325,604,338,133,699,925
39,"",887,721,466,348,424,223
40,"",150,136,196,461,101,675
41,"",421,586,577,428,706,218
42,"",745,41,569,17,907,342
43,"",744,577,704,226,50,490
44,"",983,869,913,582,368,32
45,"",484,973,186,94,959,394
46,"",317,32,745,740,85,412
47,"",55,84,225,804,865,365
48,"",915,411,240,888,198,349
49,"",964,974,344,584,47,943
50,"",379,682,698,941,230,137
51,"",564,13,142,749,422,731
52,"",383,199,92,399,878,171
53,"",927,316,117,171,908,586
54,"",421,170,918,426,996,369
55,"",338,752,967,392,978,491
56,"",465,72,453,46,716,702
57,"",195,451,186,140,877,411
58,"",346,241,82,148,601,147
59,"",174,116,235,301,451,198
60,"",23,876,405,759,670,937
61,"",58,928,913,399,235,304
68,"",490,728,682,726,967,136
69,"",767,601,938,188,515,49
70,"",866,405,177,32,936,706
71,"",512,73,774,173,410,6
72,"",929,709,431,367,325,574
73,"",564,870,115,365,96,209
74,"",21,33,45,77,50,999
75,"",225,993,163,880,958,453
76,"",373,144,363,219,309,20
77,"",168,925,98,30,368,134
78,"",972,39,95,320,632,489
79,"",709,891,877,176,932,344
80,"",582,231,750,735,306,398
81,"",9,704,968,240,173,906
82,"",38,996,75,322,416,878
83,"",434,564,28,745,94,103
84,"",988,237,304,95,365,724
85,"",872,179,749,180,963,149
86,"",105,465,891,198,836,193
87,"",868,709,716,72,479,994
88,"",106,983,706,760,580,60
90,"",871,772,73,868,878,576
91,"",510,83,983,932,140,177
92,"",320,193,394,933,439,183
93,"",610,742,239,140,387,757
94,"",5,60,310,776,3,610
95,"",398,423,718,773,458,142
96,"",374,494,93,130,53,931
97,"",564,174,396,678,428,772
98,"",772,222,494,967,423,48
100,"",78,399,990,391,86,213
101,"",92,185,629,382,14,391
102,"",459,225,720,970,197,957
103,"",325,998,93,59,952,342
104,"",396,697,413,813,60,136
105,"",344,908,980,700,192,305
106,"",915,930,466,588,310,834
107,"",579,146,311,395,425,93
111,"",133,961,321,373,880,899
112,"",379,914,151,934,924,171
113,"",406,237,451,933,219,377
114,"",699,750,414,466,348,926
115,"",226,376,730,896,760,800
116,"",760,759,437,59,975,197
117,"",12,574,437,209,421,397
118,"",998,584,898,361,97,805
126,"",361,304,897,815,314,191
127,"",52,582,37,140,723,748
128,"",748,983,424,228,725,977
129,"",210,677,181,597,973,882
130,"",140,150,78,977,93,455
132,"",978,90,308,315,234,226
133,"",457,908,58,382,359,675
134,"",129,106,315,237,454,21
135,"",6,906,979,417,895,680
136,"",199,114,778,400,740,59
137,"",742,980,97,930,60,954
138,"",398,938,106,969,837,711
139,"",934,90,400,573,881,71
140,"",951,718,227,580,679,602
141,"",412,359,699,304,233,47
142,"",387,370,345,457,126,79
144,"",961,914,394,404,142,53
145,"",754,940,966,994,873,758
146,"",85,142,40,317,127,580
147,"",73,739,778,373,77,219
148,"",320,228,741,909,609,126
149,"",214,626,429,369,916,770
150,"",919,36,943,910,27,632
151,"",680,377,150,26,1,864
162,"",95,465,615,41,450,747
163,"",489,871,239,307,629,979
168,"",984,55,21,82,100,716
169,"",963,985,899,176,983,981
170,"",173,229,11,14,406,909
171,"",956,739,387,344,163,752
172,"",836,101,939,882,71,953
173,"",406,755,812,101,721,995
174,"",198,976,151,1,596,879
176,"",710,54,421,678,399,345
177,"",729,961,220,128,364,115
178,"",953,548,877,383,230,401
179,"",600,930,730,162,11,435
180,"",321,929,370,87,880,709
181,"",913,953,573,86,239,103
183,"",465,391,440,514,397,772
184,"",595,77,687,402,419,407
185,"",117,424,32,392,313,616
186,"",959,596,79,770,981,387
187,"",751,126,230,730,58,138
188,"",55,927,626,474,142,728
189,"",74,228,910,57,113,596
190,"",744,43,679,683,348,439
191,"",3,226,595,312,134,626
192,"",771,577,906,578,426,231
193,"",15,885,220,906,680,458
194,"",178,87,68,416,171,177
195,"",138,978,36,580,745,177
196,"",208,104,779,960,71,916
197,"",741,479,172,777,118,615
198,"",976,55,187,760,375,743
199,"",876,898,742,223,834,412
208,"",512,349,994,103,976,951
209,"",989,722,178,734,590,79
210,"",911,997,83,756,57,974
211,"",23,836,613,579,770,15
213,"",700,611,757,880,609,730
214,"",630,431,369,970,90,723
215,"",74,870,836,86,190,88
217,"",388,373,194,176,309,943
218,"",621,972,610,960,37,189
219,"",580,974,162,938,139,240
220,"",400,387,6,309,77,679
222,"",237,577,917,973,590,31
223,"",168,881,240,898,80,896
224,"",865,43,172,772,375,455
225,"",100,592,580,681,59,412
226,"",118,92,240,990,40,410
227,"",214,911,682,141,679,239
228,"",140,957,771,403,371,606
229,"",969,135,913,429,679,670
230,"",306,301,489,370,5,113
231,"",314,30,61,434,938,708
232,"",232,804,229,873,510,802
233,"",428,209,631,758,176,141
234,"",698,425,688,980,805,134
235,"",133,867,429,229,453,427
237,"",405,777,59,579,815,426
239,"",57,53,93,88,431,241
240,"",835,459,883,414,92,967
241,"",804,195,865,732,117,778
242,"",677,815,577,301,242,749
301,"",880,937,615,227,868,313
302,"",936,440,627,88,896,578
303,"",52,940,27,463,342,96
304,"",408,700,133,77,19,737
305,"",228,377,208,176,321,16
306,"",102,802,450,172,73,77
307,"",305,896,738,567,586,435
308,"",991,170,41,802,757,921
309,"",326,178,427,718,96,758
310,"",15,461,800,962,379,90
311,"",921,466,741,316,302,239
312,"",435,452,867,775,347,129
313,"",368,1,58,957,49,880
314,"",772,24,629,81,376,706
315,"",84,766,582,427,130,974
316,"",490,439,139,409,844,375
317,"",96,882,888,906,976,242
320,"",892,399,132,899,453,956
321,"",697,951,13,615,623,408
322,"",56,603,132,604,716,12
325,"",325,57,998,17,240,69
326,"",844,911,595,431,345,909
328,"",716,171,990,463,72,885
338,"",179,896,404,209,90,344
341,"",186,586,600,94,14,419
342,"",995,312,896,754,967,53
343,"",54,400,196,938,311,802
344,"",213,132,365,801,373,303
345,"",723,113,376,133,225,631
346,"",338,38,883,616,194,680
347,"",421,414,148,450,101,800
348,"",459,45,56,938,423,186
349,"",3,772,677,682,242,734
359,"",116,576,140,211,406,388
361,"",754,98,58,347,452,365
363,"",104,345,698,342,424,98
364,"",514,326,364,214,957,742
365,"",606,921,189,939,870,453
367,"",927,342,596,308,116,875
368,"",220,137,33,588,420,32
369,"",613,224,316,907,72,767
370,"",134,90,921,892,383,128
371,"",515,187,491,145,80,943
372,"",709,578,112,971,994,735
373,"",195,306,881,103,2,687
374,"",78,577,812,1,981,755
375,"",14,512,755,215,999,733
376,"",97,491,219,215,211,914
377,"",19,223,317,426,423,687
378,"",573,343,36,896,737,229
379,"",389,140,187,582,115,452
380,"",676,36,614,322,410,491
382,"",972,772,88,675,188,759
383,"",942,889,361,326,989,986
385,"",118,961,385,910,740,965
387,"",404,912,915,189,312,91
388,"",898,83,310,708,59,887
389,"",491,576,413,896,113,96
390,"",147,148,579,578,214,435
391,"",437,321,680,4,514,422
392,"",774,867,147,611,883,343
393,"",719,364,928,943,191,50
394,"",957,978,374,12,621,892
395,"",141,79,700,577,192,439
396,"",20,702,995,317,343,890
397,"",804,76,13,2,609,231
398,"",740,162,592,409,935,100
399,"",873,76,767,134,6,74
400,"",878,105,920,198,92,101
401,"",150,388,132,749,732,925
402,"",23,174,306,242,918,990
403,"",735,399,423,162,888,452
404,"",755,222,899,213,490,39
405,"",575,428,92,397,921,147
406,"",96,311,454,728,489,6
407,"",956,602,868,3,615,811
408,"",870,390,374,877,725,776
409,"",382,919,913,241,317,941
410,"",172,217,778,421,94,197
411,"",944,590,622,393,767,907
412,"",308,10,450,309,71,74
413,"",988,944,54,964,393,365
414,"",756,345,605,924,435,30
416,"",423,969,592,34,198,173
417,"",941,489,580,677,389,363
419,"",413,596,344,595,97,405
420,"",412,687,920,776,626,434
421,"",142,326,875,416,975,435
422,"",837,403,113,106,465,145
423,"",980,173,172,6,309,965
424,"",804,731,778,867,322,194
425,"",425,927,2,627,219,882
426,"",942,494,86,128,343,419
427,"",891,877,197,936,739,912
428,"",933,185,14,872,622,91
429,"",104,380,941,220,397,35
431,"",84,431,607,151,921,812
434,"",578,609,97,412,878,90
435,"",387,12,234,993,148,41
437,"",959,213,228,229,724,892
438,"",931,439,435,916,181,805
439,"",380,307,766,162,876,128
440,"",871,707,211,921,112,116
450,"",965,234,610,437,754,231
451,"",584,349,461,926,756,734
452,"",484,778,189,56,215,925
453,"",885,128,933,308,959,179
454,"",920,963,490,890,937,322
455,"",79,419,611,191,577,240
456,"",189,603,383,363,136,697
457,"",459,748,899,21,611,811
458,"",79,929,25,28,707,883
459,"",756,174,880,930,31,229
461,"",43,402,834,431,2,210
463,"",81,344,594,215,877,31
465,"",928,191,569,348,138,440
466,"",963,377,209,95,169,391
474,"",908,408,376,466,700,2
479,"",918,49,192,429,892,604
484,"",933,877,809,872,116,220
489,"",592,596,956,215,877,718
490,"",514,975,378,925,976,875
491,"",868,974,95,576,103,579
492,"",602,752,927,466,461,984
494,"",382,574,82,924,869,86
510,"",112,31,60,698,116,149
512,"",871,729,306,135,388,188
514,"",886,46,868,489,492,47
515,"",416,890,140,461,874,70
548,"",426,82,578,43,490,939
563,"",748,118,305,622,707,879
564,"",707,347,623,742,458,31
567,"",574,417,93,132,510,172
569,"",766,171,192,969,892,976
573,"",83,383,729,348,36,597
574,"",590,489,935,964,88,33
575,"",102,576,307,235,965,972
576,"",402,162,604,137,69,149
577,"",185,614,874,578,1,924
578,"",69,815,45,459,976,4
579,"",326,750,770,188,977,802
580,"",224,876,242,512,926,419
582,"",174,364,966,940,967,28
584,"",3,607,871,804,457,171
586,"",90,71,102,188,144,964
588,"",982,609,573,24,94,177
590,"",2,629,116,112,687,397
592,"",305,68,193,455,995,82
594,"",427,809,815,621,191,145
595,"",346,774,844,95,586,463
596,"",944,745,921,383,576,409
597,"",708,677,915,184,403,703
598,"",450,385,361,677,970,605
600,"",317,373,228,304,811,982
601,"",316,61,986,917,961,383
602,"",234,872,176,891,103,134
603,"",987,928,111,6,242,883
604,"",962,927,402,567,975,752
605,"",303,738,180,994,385,886
606,"",704,77,59,301,872,997
607,"",144,106,368,369,396,133
609,"",43,606,578,710,956,107
610,"",169,376,891,390,305,242
611,"",79,178,398,3,341,484
613,"",210,740,85,965,103,465
614,"",939,740,404,410,148,51
615,"",920,743,747,956,226,603
616,"",33,20,884,424,94,235
617,"",463,899,52,322,305,682
621,"",309,937,38,116,754,314
622,"",745,81,316,392,26,117
623,"",627,193,865,759,399,700
626,"",312,738,966,610,490,951
627,"",453,716,810,428,700,987
629,"",676,800,452,960,702,176
630,"",709,144,58,984,800,117
631,"",878,920,586,582,306,142
632,"",578,960,106,454,740,985
669,"",326,168,757,25,490,994
670,"",440,52,322,140,35,25
675,"",491,596,191,146,722,880
676,"",914,886,974,911,422,172
677,"",459,968,107,683,463,423
678,"",239,804,756,146,188,407
679,"",196,987,31,346,834,95
680,"",878,866,344,897,632,951
681,"",104,232,184,778,964,459
682,"",145,214,151,702,199,136
683,"",989,378,776,429,412,972
687,"",882,426,895,69,968,772
688,"",926,723,149,222,240,230
697,"",814,177,898,303,382,424
698,"",882,39,708,139,976,90
699,"",952,733,147,455,390,490
700,"",230,234,728,35,434,889
701,"",965,928,191,687,580,603
702,"",726,777,884,960,730,183
703,"",363,170,863,424,753,400
704,"",45,974,55,706,731,409
705,"",873,303,699,960,891,564
706,"",27,142,806,91,621,346
707,"",876,725,811,771,391,872
708,"",577,894,895,863,380,574
709,"",79,890,590,721,188,510
710,"",180,733,382,718,757,724
711,"",749,706,980,403,881,703
716,"",990,703,237,390,53,322
718,"",915,596,222,209,934,215
719,"",365,626,461,320,151,573
720,"",12,184,716,185,395,69
721,"",169,92,564,234,412,592
722,"",51,38,80,390,880,812
723,"",705,632,138,963,208,465
724,"",368,5,756,590,603,406
725,"",748,698,81,871,574,752
726,"",211,218,423,134,13,753
727,"",683,978,240,757,778,174
728,"",429,709,148,976,918,94
729,"",750,580,844,169,885,115
730,"",32,303,346,802,44,890
731,"",104,924,870,729,387,439
732,"",19,78,579,395,49,342
733,"",941,975,188,934,944,965
734,"",458,777,988,744,622,778
735,"",317,964,9,889,190,52
737,"",241,50,73,809,177,726
738,"",48,754,724,804,49,376
739,"",379,680,575,753,91,630
740,"",745,117,592,214,359,313
741,"",126,942,877,145,208,983
742,"",424,569,953,403,36,729
743,"",395,90,722,233,42,576
744,"",455,409,117,130,213,439
745,"",677,392,873,778,316,408
747,"",964,103,623,325,147,180
748,"",317,429,942,373,998,704
749,"",383,30,919,707,313,188
750,"",6,758,2,46,19,32
751,"",573,479,338,680,401,670
752,"",899,586,309,921,180,402
753,"",392,804,414,48,57,369
754,"",170,490,804,876,574,345
755,"",627,677,457,675,17,218
756,"",920,998,41,383,36,393
757,"",980,382,812,151,776,958
758,"",107,232,704,962,86,930
759,"",894,428,600,422,725,935
760,"",431,116,303,103,199,90
766,"",226,146,174,424,149,217
767,"",965,179,54,397,237,576
770,"",881,704,102,183,977,39
771,"",610,725,934,48,605,924
772,"",28,458,609,866,399,774
773,"",393,569,188,72,59,725
774,"",617,191,463,9,422,883
775,"",180,183,461,222,387,454
776,"",457,222,229,604,85,698
777,"",932,573,189,999,757,192
778,"",218,574,33,895,426,970
779,"",910,392,773,43,208,802
800,"",738,990,94,894,952,933
801,"",239,345,777,103,755,752
802,"",926,224,733,320,997,514
804,"",116,881,890,316,391,779
805,"",23,94,606,595,416,226
806,"",376,773,220,87,73,698
809,"",455,994,741,682,466,54
810,"",463,411,171,44,601,46
811,"",393,193,395,484,225,116
812,"",42,138,359,401,397,805
813,"",463,235,4,218,312,396
814,"",933,190,611,967,943,723
815,"",730,364,90,747,1,939
834,"",866,130,726,548,185,359
835,"",401,427,191,208,484,382
836,"",401,992,710,411,181,111
837,"",616,754,953,885,90,75
844,"",474,421,738,219,873,148
863,"",915,836,133,721,242,31
864,"",187,394,195,891,61,614
865,"",321,952,228,55,93,975
866,"",228,144,35,98,13,883
867,"",301,700,232,705,91,777
868,"",102,129,232,866,621,136
869,"",128,968,385,613,453,979
870,"",409,969,191,869,429,742
871,"",708,60,779,401,804,80
872,"",346,874,744,189,926,347
873,"",988,2,753,874,305,966
874,"",139,17,69,313,96,314
875,"",223,728,870,582,388,147
876,"",95,744,193,894,601,172
877,"",933,962,217,32,987,313
878,"",757,814,896,941,46,222
879,"",231,137,453,680,68,887
880,"",431,427,484,451,815,747
881,"",592,596,36,311,184,454
882,"",740,326,710,305,906,42
883,"",219,756,377,913,23,134
884,"",239,731,82,25,137,906
885,"",725,56,130,778,421,876
886,"",466,400,146,399,918,683
887,"",60,106,416,347,180,176
888,"",756,931,835,135,494,994
889,"",147,223,777,564,361,888
890,"",82,734,834,10,814,338
891,"",981,148,40,751,81,987
892,"",601,325,811,79,314,397
893,"",313,133,326,616,137,88
894,"",9,453,883,431,60,675
895,"",876,934,730,439,128,813
896,"",466,678,988,869,463,981
897,"",883,463,742,971,338,31
898,"",349,677,55,897,34,514
899,"",588,985,927,91,390,130
906,"",128,389,310,101,967,999
907,"",988,312,866,942,310,837
908,"",239,964,79,869,338,385
909,"",676,594,367,130,708,60
910,"",145,805,185,104,934,25
911,"",235,918,865,132,913,237
912,"",716,983,863,19,474,363
913,"",982,737,317,438,37,758
914,"",68,801,396,870,186,716
915,"",466,181,750,218,942,231
916,"",361,621,1,105,749,456
917,"",231,491,209,208,490,423
918,"",806,31,185,57,921,979
919,"",702,98,805,104,706,753
920,"",729,957,5,178,835,211
921,"",908,189,670,931,388,427
924,"",342,627,213,718,377,325
925,"",382,407,224,884,170,811
926,"",112,171,305,138,930,223
927,"",343,966,363,150,614,181
928,"",84,863,938,631,964,148
929,"",865,87,984,181,147,38
930,"",716,21,424,231,899,489
931,"",184,47,961,345,172,348
932,"",575,367,813,623,956,770
933,"",174,697,958,80,49,134
934,"",886,115,21,866,112,682
935,"",127,747,896,921,629,11
936,"",391,230,101,971,579,126
937,"",146,87,413,400,621,864
938,"",914,703,45,938,170,592
939,"",676,223,416,887,194,750
940,"",192,149,622,722,802,220
941,"",737,348,10,602,222,149
942,"",877,944,320,438,401,767
943,"",368,2,716,884,548,775
944,"",774,699,405,369,741,605
951,"",229,214,915,439,112,866
952,"",802,702,48,711,756,194
953,"",932,598,407,313,90,935
954,"",172,224,457,756,396,810
956,"",96,405,961,630,738,844
957,"",891,773,606,915,184,190
958,"",304,929,837,586,144,392
959,"",32,100,725,914,419,734
960,"",711,679,811,607,627,404
961,"",961,364,614,772,892,343
962,"",239,344,484,391,986,811
963,"",722,13,393,197,750,41
964,"",399,631,317,232,11,981
965,"",711,80,91,213,208,303
966,"",111,986,126,151,722,214
967,"",778,189,586,112,414,114
968,"",868,810,306,737,938,309
969,"",613,404,91,908,345,225
970,"",670,600,328,681,896,975
971,"",180,579,815,895,709,995
972,"",767,963,341,984,987,959
973,"",1,168,942,621,703,834
974,"",943,801,586,147,41,389
975,"",225,78,91,752,361,440
976,"",614,878,369,863,223,749
977,"",367,222,993,237,720,617
978,"",918,70,720,419,88,564
979,"",146,435,936,461,342,302
980,"",898,878,347,588,402,707
981,"",889,927,938,241,461,864
982,"",425,321,224,435,492,132
983,"",435,744,91,398,405,34
984,"",895,702,74,304,810,703
985,"",601,307,982,391,759,742
986,"",942,88,957,372,681,906
987,"",775,379,349,169,231,235
988,"",586,390,92,776,136,105
989,"",1,187,965,811,592,455
990,"",720,994,23,737,584,944
991,"",321,215,871,968,909,187
992,"",239,113,874,172,776,145
993,"",980,873,972,114,168,961
994,"",742,957,607,392,610,897
995,"",952,677,114,17,147,586
996,"",908,592,678,770,162,986
997,"",149,440,771,92,1,757
998,"",425,737,417,3,107,226
999,"",94,837,934,998,710,186
